id;website;twitter;instagram;facebook;tiktok;phone_number
1;Fish;unleash Prairie;Security virtual;payment Product;Personal Central lavender;RAM optimize Executive
2;Cotton circuit;Car;supply-chains payment;Plastic Ranch;experiences Locks Security;New
3;Loan COM sky;Hollow RSS;Ball mobile;Refined Strategist;Investment;yellow architectures back-end
4;haptic mint Cotton;Sausages transmitting withdrawal;Buckinghamshire Cheese;SMTP back-end Shoal;Rustic calculating Grocery;Branding
5;Avon Officer;architect;azure Valley Vermont;interactive generate;Refined Specialist;intelligence generate
6;object-oriented Algerian frame;Shoes;Jewelery Grocery;Account;Functionality salmon firewall;port
7;Pants;Coordinator and Stravenue;Music;structure Illinois;Tasty withdrawal indigo;Expanded heuristic
8;Arkansas;B2B deposit;reboot;Wooden Synergized;microchip;Applications
9;info-mediaries;Facilitator;American Walks Legacy;Concrete;Metal;Brand multi-byte web
10;teal SDR;Mouse Cote Cuba;XSS maroon;Borders Awesome;collaboration;Ruble
