id;activity_name;activity_cost;activity_host;activity_time
1;parse engage open-source;68665;transmit Personal Small;2024-03-05T10:49:40
2;Principal Ergonomic;41871;Bolivia technologies Plastic;2024-03-04T15:56:13
3;PNG;51487;Lilangeni portal;2024-03-05T06:11:30
4;paradigm Dirham;14741;Parkway black;2024-03-05T03:27:12
5;Steel mint Grocery;87679;connect protocol;2024-03-04T23:05:57
6;SDD;1439;aggregate;2024-03-04T17:54:50
7;Orchestrator Iowa;9857;SMTP Pass;2024-03-05T13:44:25
8;Open-source invoice Small;32755;Account Brand Quetzal;2024-03-05T13:29:51
9;Reactive;98322;open Strategist leverage;2024-03-04T17:16:41
10;cutting-edge Rustic;76931;Buckinghamshire;2024-03-04T20:17:14
