id;name;date;company
1;Car concept;2024-03-05T04:06:40;Licensed
2;embrace tertiary;2024-03-05T11:30:58;modular Chips
3;Beauty Product index;2024-03-04T16:38:27;AI
4;Automotive EXE Ergonomic;2024-03-04T18:17:26;withdrawal Specialist bricks-and-clicks
5;Bike;2024-03-05T07:28:45;Compatible
6;Cameroon bypass;2024-03-04T17:30:30;Romania IB
7;driver state actuating;2024-03-04T17:04:55;Shirt Assistant
8;Kentucky digital;2024-03-05T05:56:21;Crescent
9;Administrator Pizza digital;2024-03-05T08:36:41;Strategist granular
10;digital Auto;2024-03-05T08:15:26;copy
