id;website;phone_number;instagram;twitter;facebook;tiktok
1;withdrawal;Fish Licensed;compress;Applications auxiliary;green Hat back-end;Solutions
2;neural generate;blockchains;Buckinghamshire;mobile Afghani Refined;Grocery contextually-based invoice;incentivize Haven
3;exploit Buckinghamshire indigo;Rue;Officer;generate Borders;Rubber driver Chair;Games panel 1080p
4;interface regional;local;Islands Multi-lateral Small;IB Frozen Ball;Metal Director input;Money
5;Home;payment Analyst District;deliverables;EXE Gloves technologies;Assistant parse invoice;Auto
6;Corporate;XSS invoice plum;Liaison bypass;haptic;Gloves Compatible partnerships;systems Yemen SCSI
7;Shoes withdrawal;Keyboard Account;invoice navigating;Illinois;Alabama value-added Designer;Directives auxiliary
8;payment distributed;TCP Oklahoma;Market Loan feed;ubiquitous lavender Chips;Avon;Towels Greenland cyan
9;Manors;reboot;Granite Auto Rustic;HDD extend Shirt;index Quality Facilitator;SCSI scale quantifying
10;Gourde applications Data;Gloves Pound synthesizing;Forward intranet;Movies complexity;Books programming;Underpass
