id;title;salutation;body
1;Specialist Refined blue;Table;JSON
2;grey Shoes monitor;Refined Shirt synthesizing;Trace gold Keyboard
3;Garden Illinois XML;Cambridgeshire Sweden;Dram South
4;empower Architect;Dynamic azure withdrawal;Directives Dynamic
5;Rubber;open-source;Programmable Kuna Shirt
6;superstructure;Villages;New Senior
7;Leone programming Solutions;Licensed;protocol Generic interface
8;to;Frozen Cedi;Auto Networked
9;Platinum Refined Krone;mobile GB;Program
10;Mobility Yemeni Pizza;Plastic Orchestrator calculating;Auto
