id;caterer_name;caterer_cost;caterer_host;caterer_time
1;Buckinghamshire;17585;Mauritius;2024-03-05T10:10:01
2;parsing magenta;26858;Plaza Open-architected;2024-03-04T20:15:53
3;Practical Principal;47432;Toys Jamaica;2024-03-05T07:30:27
4;applications;52491;GB;2024-03-05T13:59:08
5;embrace payment Paradigm;24859;bypass;2024-03-05T02:25:48
6;copying success;86347;payment;2024-03-05T01:16:09
7;hacking;51864;out-of-the-box;2024-03-05T13:15:56
8;Integration;69188;Zambian Product;2024-03-04T16:36:31
9;reintermediate Cotton;22201;Senior wireless;2024-03-05T00:18:17
10;Regional;48417;robust JBOD Myanmar;2024-03-05T12:16:34
