id;content;sender_name;type;sent_date
1;Solutions Wooden;Borders violet feed;PRIVATE_MESSAGE;2024-03-04T22:51:28
2;Franc;SCSI invoice;RESERVATION;2024-03-05T11:34:33
3;Dam compressing executive;Operations;PRIVATE_MESSAGE;2024-03-05T03:54:14
4;Direct Implementation Nakfa;Outdoors Brand Creative;RESERVATION;2024-03-05T10:10:04
5;Pass Texas Plastic;interfaces Senior;REPLY;2024-03-04T20:22:17
6;Chief;responsive Internal;RESERVATION;2024-03-05T15:06:11
7;interface synthesize;hacking;RESERVATION;2024-03-05T07:16:45
8;Ergonomic mindshare Grocery;Concrete;PRIVATE_MESSAGE;2024-03-05T12:59:30
9;Nebraska Generic brand;Intelligent Towels;PRIVATE_MESSAGE;2024-03-04T22:33:13
10;Investment Concrete;payment Kids;REPLY;2024-03-05T04:58:38
